{
    "noise_cov": [
        0.0010000000474974513,
        0.0020000000949949026,
        0.003000000026077032,
        0.004000000189989805,
        0.004999999888241291,
        0.006000000052154064,
        0.007000000216066837,
        0.00800000037997961,
        0.009000000543892384,
        0.009999999776482582
    ],
    "d": [
        0.0,
        0.020408162847161293,
        0.040816325694322586,
        0.06122449040412903,
        0.08163265138864517,
        0.10204081237316132,
        0.12244898080825806,
        0.1428571343421936,
        0.16326530277729034,
        0.18367347121238708,
        0.20408162474632263,
        0.22448979318141937,
        0.2448979616165161,
        0.26530611515045166,
        0.2857142686843872,
        0.30612245202064514,
        0.3265306055545807,
        0.34693875908851624,
        0.36734694242477417,
        0.3877550959587097,
        0.40816324949264526,
        0.4285714328289032,
        0.44897958636283875,
        0.4693877398967743,
        0.4897959232330322,
        0.5102040767669678,
        0.5306122303009033,
        0.5510203838348389,
        0.5714285373687744,
        0.5918367505073547,
        0.6122449040412903,
        0.6326530575752258,
        0.6530612111091614,
        0.6734693646430969,
        0.6938775181770325,
        0.714285671710968,
        0.7346938848495483,
        0.7551020383834839,
        0.7755101919174194,
        0.795918345451355,
        0.8163264989852905,
        0.8367346525192261,
        0.8571428656578064,
        0.8775510191917419,
        0.8979591727256775,
        0.918367326259613,
        0.9387754797935486,
        0.9591836333274841,
        0.9795918464660645,
        1.0
    ],
    "ape": [
        [
            -0.8991830942163122,
            -0.9051558561095646,
            -0.9140679206180005,
            -0.9262602815247536,
            -0.9421533322730201,
            -0.9620397446062494,
            -0.9853057748170845,
            -1.0112561788949763,
            -1.03909414303125,
            -1.0681990993826254,
            -1.097784402653781,
            -1.1273702957213476,
            -1.1569650333682753,
            -1.185963380200479,
            -1.2145465472404502,
            -1.2426602967593223,
            -1.2703061897325656,
            -1.297810254933506,
            -1.3248091457224709,
            -1.351749318127593,
            -1.378112151601122,
            -1.4046558387939942,
            -1.4298044687671554,
            -1.45148966941612,
            -1.471322933289212,
            -1.4935830385821145,
            -1.5054083054914544,
            -1.5177603999020681,
            -1.5262503754862287,
            -1.5351619603008193,
            -1.5311034292392256,
            -1.5307864499659471,
            -1.5278647616660097,
            -1.51165084929049,
            -1.4996344051808932,
            -1.4835927000577809,
            -1.466094268188312,
            -1.4366485743553679,
            -1.4107008508370151,
            -1.3707407927517503,
            -1.3404092135639243,
            -1.2978807671773447,
            -1.247696765166574,
            -1.1913246578254253,
            -1.1310039119485864,
            -1.0691430364783105,
            -1.0097669400917184,
            -0.9550700768250665,
            -0.9157399681297818,
            -0.8960123412279868
        ],
        [
            -0.8969506302817024,
            -0.899973248681885,
            -0.9045932266458538,
            -0.9109146799535881,
            -0.9191741511399555,
            -0.9297265152953994,
            -0.9423264233751274,
            -0.9569667114760878,
            -0.9732051709429297,
            -0.9906817086029253,
            -1.0086244417056125,
            -1.0269892897405093,
            -1.0453812486020746,
            -1.063996468923406,
            -1.0825533633060296,
            -1.1011724815809796,
            -1.1197812178052078,
            -1.1385835094679055,
            -1.157334933159345,
            -1.176652904689189,
            -1.1958042963149014,
            -1.2147494139366855,
            -1.2332964457984719,
            -1.2513513935642138,
            -1.267906052379887,
            -1.2823802712579946,
            -1.2952606903458317,
            -1.3057027370007297,
            -1.3127232297212117,
            -1.3176163908600633,
            -1.3182393579182747,
            -1.3164116734404536,
            -1.3111825913127741,
            -1.3032680283126505,
            -1.293145267838253,
            -1.2800842665448682,
            -1.2647824885961063,
            -1.244817003860917,
            -1.2234499994912862,
            -1.1986061385767195,
            -1.1705457128349086,
            -1.1395508302680817,
            -1.1054890565506996,
            -1.0688072465475846,
            -1.0306483267366855,
            -0.9927255126557568,
            -0.95577406295647,
            -0.9257086643491489,
            -0.9054126297612981,
            -0.8952913586005677
        ],
        [
            -0.8961610198376424,
            -0.8982247086261447,
            -0.9013228502093091,
            -0.9056190172180856,
            -0.911242267937446,
            -0.9184078861961475,
            -0.9270675190040694,
            -0.9372588701679956,
            -0.9486287369569013,
            -0.96120638152681,
            -0.9742385617029397,
            -0.9877542247036534,
            -1.0013951169545832,
            -1.015179923660817,
            -1.0290464069803502,
            -1.0430011523478373,
            -1.057177878493208,
            -1.0714293882176222,
            -1.0859347348712585,
            -1.1008138996058245,
            -1.1157633144538766,
            -1.130769111680523,
            -1.145453750121051,
            -1.1597817825729484,
            -1.1732686845421225,
            -1.185146067757253,
            -1.195548323897222,
            -1.204165447013719,
            -1.210123510666573,
            -1.214287695089678,
            -1.2152860541289985,
            -1.2136207762768907,
            -1.2095802492430643,
            -1.2033541120936702,
            -1.1946479801879977,
            -1.1838250741785614,
            -1.1712025668985522,
            -1.1560615472552571,
            -1.1382409271737508,
            -1.118998747095302,
            -1.0972093966488619,
            -1.0730295103191287,
            -1.0471139496137352,
            -1.0196353100671964,
            -0.9910856512331204,
            -0.9621286285059018,
            -0.9360226205127119,
            -0.9156301922952454,
            -0.9018878512196498,
            -0.8950521177994986
        ],
        [
            -0.8957670958045366,
            -0.8973325514586906,
            -0.8997009570015548,
            -0.9029396130838304,
            -0.9072063096064046,
            -0.9126296677572295,
            -0.919258207424053,
            -0.9270192069229668,
            -0.9358381374220284,
            -0.945543378251305,
            -0.955836990245547,
            -0.9665572620743356,
            -0.9774587464951434,
            -0.9885199523224082,
            -0.9996353583879884,
            -1.0108852619489914,
            -1.0223308692403448,
            -1.0339428788664244,
            -1.0457562822856576,
            -1.0580018506054172,
            -1.0702501155923825,
            -1.0826470190397257,
            -1.0949644106892733,
            -1.1069046050553484,
            -1.118073545103453,
            -1.1281382038594225,
            -1.1369063657366487,
            -1.1442911519975114,
            -1.1493680662458758,
            -1.1529922308508145,
            -1.1535961551871154,
            -1.152320267438897,
            -1.1490888080192048,
            -1.1438016785730518,
            -1.1364649619649452,
            -1.1272811481979792,
            -1.116662787186843,
            -1.1042217157476737,
