{
    "True APE": [
        -0.873753011226654,
        -0.8873715400695801,
        -0.8926469087600708,
        -0.8616808652877808,
        -0.893961489200592,
        -0.8827951550483704,
        -0.9254698753356934,
        -0.9212894439697266,
        -0.92350172996521,
        -0.9305984377861023,
        -0.9632811546325684,
        -0.9092872142791748,
        -0.9181679487228394,
        -0.9714540839195251,
        -0.9700007438659668,
        -0.9680516123771667,
        -0.971708357334137,
        -1.0085049867630005,
        -0.9880086779594421,
        -1.0256022214889526,
        -1.007787823677063,
        -1.023916244506836,
        -1.0879063606262207,
        -1.0882476568222046,
        -1.0670545101165771,
        -1.0585373640060425,
        -1.107413649559021,
        -1.0710914134979248,
        -1.1010748147964478,
        -1.127431035041809,
        -1.0813578367233276,
        -1.1335431337356567,
        -1.0981487035751343,
        -1.1326392889022827,
        -1.1098511219024658,
        -1.080425500869751,
        -1.0965039730072021,
        -1.098508596420288,
        -1.0831804275512695,
        -1.0658198595046997,
        -1.0216383934020996,
        -0.9868741035461426,
        -0.9797355532646179,
        -0.977307140827179,
        -0.934015154838562,
        -0.8864417672157288,
        -0.9275586605072021,
        -0.8943822383880615,
        -0.870720386505127,
        -0.8782391548156738
    ],
    "Local Linearisation": [
        -0.8795623116144756,
        -0.8944734593301054,
        -0.9162350828111906,
        -0.8569895683101918,
        -0.87624934247768,
        -0.8855258853851193,
        -0.9146151770194454,
        -0.8946334065246853,
        -0.9264113021418079,
        -0.9724069281220773,
        -0.9115758201641598,
        -0.9526487986158745,
        -0.9754578451272918,
        -0.9772303893214201,
        -0.922853186495748,
        -1.001423321081389,
        -0.9877792999171284,
        -0.9914183626213211,
        -0.9830328537154528,
        -1.0218772692355893,
        -1.006928028774779,
        -1.0306739772575406,
        -1.0261881994543451,
        -1.043070868345515,
        -1.0676376060919288,
        -1.0596189846534534,
        -1.081492345381192,
        -1.0474183425628947,
        -1.1256691113668549,
        -1.1055221890153546,
        -1.081645553832102,
        -1.0779966494769637,
        -1.1238580596739511,
        -1.0043496723072005,
        -1.0700911083851838,
        -1.059066362897136,
        -1.0972166086405637,
        -1.062827444106949,
        -1.0474890726769206,
        -1.0438198203884839,
        -1.032531770206418,
        -0.9854008789496683,
        -0.9742429675046403,
        -0.9592080745387191,
        -0.9617578045564583,
        -0.9186525588746778,
        -0.9330560414107109,
        -0.8934521500364699,
        -0.8720163474847088,
        -0.8392333732781023
    ],
    "Forward KL": [
        -0.6543592810630798,
        -0.5529581904411316,
        -0.653529167175293,
        -0.6993061304092407,
        -0.6984763145446777,
        -0.7314450740814209,
        -0.7456923127174377,
        -0.7758424282073975,
        -0.791697084903717,
        -0.8065439462661743,
        -0.8308650255203247,
        -0.8036603331565857,
        -0.8379854559898376,
        -0.8370896577835083,
        -0.8478646874427795,
        -0.8568278551101685,
        -0.8585954904556274,
        -0.8643803596496582,
        -0.8699347376823425,
        -0.8435350060462952,
        -0.8438453674316406,
        -0.8452872633934021,
        -0.837124228477478,
        -0.8194000124931335,
        -0.8406200408935547,
        -0.8294350504875183,
        -0.8310409188270569,
        -0.8231000900268555,
        -0.8152663111686707,
        -0.7992241978645325,
        -0.8216073513031006,
        -0.8442011475563049,
        -0.83797687292099,
        -0.8365208506584167,
        -0.8531202077865601,
        -0.8472080230712891,
        -0.8525576591491699,
        -0.8908280730247498,
        -0.8845168352127075,
        -0.8865086436271667,
        -0.8608807921409607,
        -0.8281306624412537,
        -0.7654989361763,
        -0.7620232105255127,
        -0.6800439953804016,
        -0.6258214116096497,
        -0.5860862731933594,
        -0.5633032917976379,
        -0.5858297348022461,
        -0.5248627066612244
    ],
    "Reverse KL": [
        -0.8058668375015259,
        -0.8491894006729126,
        -0.845830500125885,
        -0.8905560374259949,
        -0.8640450239181519,
        -0.8872689008712769,
        -0.8826591372489929,
        -0.9067749977111816,
        -0.891113817691803,
        -0.9634097814559937,
        -0.8886960744857788,
        -0.8815112709999084,
        -0.9610795378684998,
        -0.9660953283309937,
        -0.9727310538291931,
        -0.9582963585853577,
        -0.9408940672874451,
        -1.007667064666748,
        -0.9965201020240784,
        -0.9789232611656189,
        -0.9574642777442932,
        -1.0027450323104858,
        -0.9556716680526733,
        -0.9040011763572693,
        -0.8759056329727173,
        -0.8849203586578369,
        -0.8526009321212769,
        -0.9011675119400024,
        -0.8516809344291687,
        -0.8842787742614746,
        -0.9061272740364075,
        -0.9121602177619934,
        -0.938530445098877,
        -0.9745946526527405,
        -0.9911863803863525,
        -1.0218546390533447,
        -1.0384106636047363,
        -1.0407841205596924,
        -1.048954725265503,
        -0.9973195195198059,
        -1.0129557847976685,
        -0.9835582375526428,
        -0.9336010813713074,
        -0.966241180896759,
        -0.9609931111335754,
        -0.9376029372215271,
        -0.9153739213943481,
        -0.9016408324241638,
        -0.8769589066505432,
        -0.8284084796905518
    ]
}