{
    "True APE": [
        -0.8952983617782593,
        -0.8966374397277832,
        -0.8985249996185303,
        -0.9012839198112488,
        -0.9045636653900146,
        -0.9088760614395142,
        -0.9141247272491455,
        -0.9203985929489136,
        -0.9273974299430847,
        -0.9352235198020935,
        -0.9435619711875916,
        -0.9525122046470642,
        -0.9615470170974731,
        -0.9709945917129517,
        -0.980344831943512,
        -0.990005612373352,
        -0.9995539784431458,
        -1.009419560432434,
        -1.0194011926651,
        -1.0297820568084717,
        -1.0401692390441895,
        -1.0506917238235474,
        -1.0612232685089111,
        -1.0716373920440674,
        -1.0815016031265259,
        -1.0905492305755615,
        -1.0988516807556152,
        -1.1058595180511475,
        -1.1112048625946045,
        -1.1148738861083984,
        -1.116676688194275,
        -1.116489291191101,
        -1.1147387027740479,
        -1.1110841035842896,
        -1.1051462888717651,
        -1.0973995923995972,
        -1.0876988172531128,
        -1.0763968229293823,
        -1.0627233982086182,
        -1.0478932857513428,
        -1.0308682918548584,
        -1.0125560760498047,
        -0.9933571815490723,
        -0.9733629822731018,
        -0.9543526768684387,
        -0.9363489747047424,
        -0.9204401969909668,
        -0.9076370596885681,
        -0.8993025422096252,
        -0.8949072360992432
    ],
    "Local Linearisation": [
        -0.8955282652179309,
        -0.8968229066405261,
        -0.8986936442671636,
        -0.9012867864840558,
        -0.9047408883021876,
        -0.9091459239212425,
        -0.9144888314552923,
        -0.9207716032441694,
        -0.9279064060339078,
        -0.9359105801056774,
        -0.944377907983035,
        -0.9532321165475036,
        -0.9622910155066116,
        -0.9715388326282722,
        -0.9808589320673783,
        -0.9903833974548526,
        -1.0000223243643633,
        -1.0098209577789272,
        -1.0198669057842156,
        -1.0302127651471165,
        -1.0406675220456707,
        -1.0512902763353922,
        -1.0617729430576832,
        -1.0719710239363012,
        -1.0817393812664076,
        -1.0903893649030465,
        -1.0980534046241146,
        -1.1043356453349467,
        -1.1087804401874959,
        -1.1120189086735381,
        -1.112708937832634,
        -1.1116395278738493,
        -1.1088547913318583,
        -1.1041740645912692,
        -1.097936544011933,
        -1.0899794328666,
        -1.080964491277299,
        -1.0701859940642466,
        -1.0577887123765908,
        -1.0440266149823858,
        -1.0288883381535452,
        -1.012163131024469,
        -0.9942418917221648,
        -0.9752953086779258,
        -0.9547106126430838,
        -0.9359363246542457,
        -0.9199602047613298,
        -0.9074464747137702,
        -0.8990720421666724,
        -0.8948458002025652
    ],
    "Forward KL": [
        -0.5692000389099121,
        -0.6195772886276245,
        -0.6467544436454773,
        -0.6722037196159363,
        -0.6961553692817688,
        -0.7188109159469604,
        -0.7401406168937683,
        -0.7601656317710876,
        -0.7787986397743225,
        -0.7959797382354736,
        -0.8114680051803589,
        -0.8252018094062805,
        -0.8370277881622314,
        -0.8468888998031616,
        -0.8547037839889526,
        -0.8604781627655029,
        -0.8642112016677856,
        -0.8660110235214233,
        -0.865972101688385,
        -0.8643169403076172,
        -0.8611332178115845,
        -0.85674649477005,
        -0.8514532446861267,
        -0.8457242250442505,
        -0.8400412201881409,
        -0.8348931074142456,
        -0.8309306502342224,
        -0.8285996913909912,
        -0.8282652497291565,
        -0.8304105401039124,
        -0.8348864316940308,
        -0.8418141007423401,
        -0.8508138060569763,
        -0.8612632155418396,
        -0.872294545173645,
        -0.8825554251670837,
        -0.8906576633453369,
        -0.894353985786438,
        -0.8912574648857117,
        -0.8791825175285339,
        -0.8563265800476074,
        -0.822380781173706,
        -0.7792620062828064,
        -0.730475902557373,
        -0.680233359336853,
        -0.6319882273674011,
        -0.5879110097885132,
        -0.5484282374382019,
        -0.5133883953094482,
        -0.4819282591342926
    ],
    "Reverse KL": [
        -0.8063411116600037,
        -0.8193297982215881,
        -0.8326688408851624,
        -0.8461391925811768,
        -0.8595461845397949,
        -0.872806966304779,
        -0.8856672644615173,
        -0.8981144428253174,
        -0.9101496934890747,
        -0.9220154285430908,
        -0.9338518977165222,
        -0.9427105188369751,
        -0.956006646156311,
        -0.9662100672721863,
        -0.9760423898696899,
        -0.9858916401863098,
        -0.9939613342285156,
        -1.0006591081619263,
        -1.0067261457443237,
        -1.0073546171188354,
        -1.0006011724472046,
        -0.9951527118682861,
        -0.9842922687530518,
        -0.9731371998786926,
        -0.95698481798172,
        -0.9441735148429871,
        -0.929997444152832,
        -0.9160872101783752,
        -0.906017005443573,
        -0.9027978777885437,
        -0.9092727899551392,
        -0.9269668459892273,
        -0.957060694694519,
        -0.992918848991394,
        -1.0290560722351074,
        -1.0486304759979248,
        -1.0515884160995483,
        -1.0479875802993774,
        -1.033774495124817,
        -1.0174627304077148,
        -0.9986749887466431,
        -0.9766947627067566,
        -0.9645566344261169,
        -0.9487012624740601,
        -0.9338446855545044,
        -0.9205633997917175,
        -0.9082671403884888,
        -0.8965963125228882,
        -0.8858848810195923,
        -0.8764411211013794
    ]
}