{
    "E": [
        10.0,
        10.0,
        10.0,
        10.0,
        10.0,
        10.0,
        10.0,
        10.0,
        10.0,
        10.0,
        13.333333333333334,
        13.333333333333334,
        13.333333333333334,
        13.333333333333334,
        13.333333333333334,
        13.333333333333334,
        13.333333333333334,
        13.333333333333334,
        13.333333333333334,
        13.333333333333334,
        16.666666666666668,
        16.666666666666668,
        16.666666666666668,
        16.666666666666668,
        16.666666666666668,
        16.666666666666668,
        16.666666666666668,
        16.666666666666668,
        16.666666666666668,
        16.666666666666668,
        20.0,
        20.0,
        20.0,
        20.0,
        20.0,
        20.0,
        20.0,
        20.0,
        20.0,
        20.0,
        23.333333333333336,
        23.333333333333336,
        23.333333333333336,
        23.333333333333336,
        23.333333333333336,
        23.333333333333336,
        23.333333333333336,
        23.333333333333336,
        23.333333333333336,
        23.333333333333336,
        26.666666666666668,
        26.666666666666668,
        26.666666666666668,
        26.666666666666668,
        26.666666666666668,
        26.666666666666668,
        26.666666666666668,
        26.666666666666668,
        26.666666666666668,
        26.666666666666668,
        30.0,
        30.0,
        30.0,
        30.0,
        30.0,
        30.0,
        30.0,
        30.0,
        30.0,
        30.0,
        33.333333333333336,
        33.333333333333336,
        33.333333333333336,
        33.333333333333336,
        33.333333333333336,
        33.333333333333336,
        33.333333333333336,
        33.333333333333336,
        33.333333333333336,
        33.333333333333336,
        36.66666666666667,
        36.66666666666667,
        36.66666666666667,
        36.66666666666667,
        36.66666666666667,
        36.66666666666667,
        36.66666666666667,
        36.66666666666667,
        36.66666666666667,
        36.66666666666667,
        40.0,
        40.0,
        40.0,
        40.0,
        40.0,
        40.0,
        40.0,
        40.0,
        40.0,
        40.0
    ],
    "Beam Angle": [
        0.0,
        20.0,
        40.0,
        60.0,
        80.0,
        100.0,
        120.0,
        140.0,
        160.0,
        180.0,
        0.0,
        20.0,
        40.0,
        60.0,
        80.0,
        100.0,
        120.0,
        140.0,
        160.0,
        180.0,
        0.0,
        20.0,
        40.0,
        60.0,
        80.0,
        100.0,
        120.0,
        140.0,
        160.0,
        180.0,
        0.0,
        20.0,
        40.0,
        60.0,
        80.0,
        100.0,
        120.0,
        140.0,
        160.0,
        180.0,
        0.0,
        20.0,
        40.0,
        60.0,
        80.0,
        100.0,
        120.0,
        140.0,
        160.0,
        180.0,
        0.0,
        20.0,
        40.0,
        60.0,
        80.0,
        100.0,
        120.0,
        140.0,
        160.0,
        180.0,
        0.0,
        20.0,
        40.0,
        60.0,
        80.0,
        100.0,
        120.0,
        140.0,
        160.0,
        180.0,
        0.0,
        20.0,
        40.0,
        60.0,
        80.0,
        100.0,
        120.0,
        140.0,
        160.0,
        180.0,
        0.0,
        20.0,
        40.0,
        60.0,
        80.0,
        100.0,
        120.0,
        140.0,
        160.0,
        180.0,
        0.0,
        20.0,
        40.0,
        60.0,
        80.0,
        100.0,
        120.0,
        140.0,
        160.0,
        180.0
    ],
    "End Displacement": [
        3.8320128309142483,
        26.23369605703243,
        48.033937723930364,
        64.14256637059889,
        72.55147037908898,
        72.23407251613156,
        63.229009427771274,
        46.636231764365476,
        24.532435073347266,
        3.8320128309142447,
        2.8740096231837544,
        19.675272042727364,
        36.025453292859154,
        48.10692477782971,
        54.41360278418059,
        54.17555438696253,
        47.42175707070884,
        34.97717382318527,
        18.39932630496336,
        2.874009623183753,
        2.299207698547647,
        15.740217634105367,
        28.820362634142736,
        38.48553982206881,
        43.53088222712287,
        43.34044350934853,
        37.93740565637251,
        27.98173905840405,
        14.719461043894935,
        2.299207698547644,
        1.9160064154576277,
        13.116848028469766,
        24.016968861876393,
        32.07128318517922,
        36.275735189407314,
        36.11703625792841,
        31.6145047137647,
        23.318115882092652,
        12.266217536625774,
        1.9160064154576273,
        1.642291213248206,
        11.243012595867398,
        20.585973310248765,
        27.489671301675415,
        31.09348730531241,
        30.957459649759258,
        27.098146897606014,
        19.98695647043448,
        10.513900745715814,
        1.6422912132482046,
        1.4370048115924463,
        9.83763602138345,
        18.012726646465914,
        24.053462388963272,
        27.206801392145096,
        27.087777193535704,
        23.710878535401914,
        17.488586911627443,
        9.199663152499593,
        1.4370048115924465,
        1.2773376103036562,
        8.744565352294835,
        16.011312574550853,
        21.38085545674171,
        24.183823459554826,
        24.078024171902584,
        21.076336475799824,
        15.545410588030085,
        8.177478357734246,
        1.2773376103036558,
        1.1496038492733458,
        7.87010881704989,
        14.410181317066463,
        19.242769911027995,
        21.7654411135543,
        21.670221754667306,
        18.96870282818018,
        13.990869529197617,
        7.359730521945269,
        1.1496038492733445,
        1.0450944084307427,
        7.154644379167848,
        13.100164833755406,
        17.493427191922073,
        19.786764648774533,
        19.700201595240397,
        17.244275298422885,
        12.718972299327456,
        6.690664110888751,
        1.0450944084307423,
        0.9580032077288639,
        6.558424014253608,
        12.008484430973583,
        16.035641592637333,
        18.137867594757946,
        18.058518129018488,
        15.807252356930046,
        11.659057941081672,
        6.1331087683315255,
        0.9580032077288634
    ],
    "Element size": 3.861957538422519,
    "Number of Elements": 2300,
    "nu": 0.33,
    "rho": 0.00102,
    "g": 9.81,
    "el_order": 2,
    "L": 90,
    "W": 40
}