{
    "Local Linearisation": [
        0.00014024967094883323,
        0.00029187335167080164,
        0.0021992153488099575,
        0.004859243519604206,
        0.005904098507016897,
        0.009751579724252224,
        0.016658727079629898,
        0.014074780978262424,
        0.0024230009876191616,
        0.00017540878616273403
    ],
    "Forward KL": [
        0.4839703142642975,
        0.27645057439804077,
        0.1936396360397339,
        0.2753298878669739,
        0.5608644485473633,
        0.9329169988632202,
        0.8859394788742065,
        0.3907065987586975,
        0.4217931628227234,
        0.6724188327789307
    ],
    "Reverse KL": [
        0.05783964321017265,
        0.019539734348654747,
        0.0068880897015333176,
        0.010866640135645866,
        0.11333915591239929,
        0.44532591104507446,
        0.23692119121551514,
        0.030271654948592186,
        0.019072361290454865,
        0.013187787495553493
    ]
}