{
    "Local Linearisation": [
        0.00011313796858303249,
        0.0002559623681008816,
        0.0020476675126701593,
        0.004600801970809698,
        0.0055872593075037,
        0.009279193356633186,
        0.016204368323087692,
        0.013479954563081264,
        0.0021289496216923,
        0.00013257736281957477
    ],
    "Forward KL": [
        0.27902910113334656,
        0.1637188345193863,
        0.1171594187617302,
        0.13790975511074066,
        0.21526023745536804,
        0.29177454113960266,
        0.26484107971191406,
        0.1664755940437317,
        0.237715482711792,
        0.3851792812347412
    ],
    "Reverse KL": [
        0.06923676282167435,
        0.02201850898563862,
        0.0073243724182248116,
        0.009202850051224232,
        0.07441958039999008,
        0.23376110196113586,
        0.12184258550405502,
        0.02447490580379963,
        0.020232755690813065,
        0.015062853693962097
    ]
}