{
    "C_1": [
        2.1777777777777776,
        2.1777777777777776,
        2.1777777777777776,
        2.1777777777777776,
        2.1777777777777776,
        2.1777777777777776,
        2.1777777777777776,
        2.1777777777777776,
        2.1777777777777776,
        2.7333333333333334,
        2.7333333333333334,
        2.7333333333333334,
        2.7333333333333334,
        2.7333333333333334,
        2.7333333333333334,
        2.7333333333333334,
        2.7333333333333334,
        2.7333333333333334,
        3.2888888888888888,
        3.2888888888888888,
        3.2888888888888888,
        3.2888888888888888,
        3.2888888888888888,
        3.2888888888888888,
        3.2888888888888888,
        3.2888888888888888,
        3.2888888888888888,
        3.844444444444444,
        3.844444444444444,
        3.844444444444444,
        3.844444444444444,
        3.844444444444444,
        3.844444444444444,
        3.844444444444444,
        3.844444444444444,
        3.844444444444444,
        4.4,
        4.4,
        4.4,
        4.4,
        4.4,
        4.4,
        4.4,
        4.4,
        4.4,
        4.955555555555556,
        4.955555555555556,
        4.955555555555556,
        4.955555555555556,
        4.955555555555556,
        4.955555555555556,
        4.955555555555556,
        4.955555555555556,
        4.955555555555556,
        5.511111111111111,
        5.511111111111111,
        5.511111111111111,
        5.511111111111111,
        5.511111111111111,
        5.511111111111111,
        5.511111111111111,
        5.511111111111111,
        5.511111111111111,
        6.066666666666666,
        6.066666666666666,
        6.066666666666666,
        6.066666666666666,
        6.066666666666666,
        6.066666666666666,
        6.066666666666666,
        6.066666666666666,
        6.066666666666666,
        6.622222222222223,
        6.622222222222223,
        6.622222222222223,
        6.622222222222223,
        6.622222222222223,
        6.622222222222223,
        6.622222222222223,
        6.622222222222223,
        6.622222222222223
    ],
    "beam_angle": [
        10.0,
        30.0,
        50.0,
        70.0,
        90.0,
        110.0,
        130.0,
        150.0,
        170.0,
        10.0,
        30.0,
        50.0,
        70.0,
        90.0,
        110.0,
        130.0,
        150.0,
        170.0,
        10.0,
        30.0,
        50.0,
        70.0,
        90.0,
        110.0,
        130.0,
        150.0,
        170.0,
        10.0,
        30.0,
        50.0,
        70.0,
        90.0,
        110.0,
        130.0,
        150.0,
        170.0,
        10.0,
        30.0,
        50.0,
        70.0,
        90.0,
        110.0,
        130.0,
        150.0,
        170.0,
        10.0,
        30.0,
        50.0,
        70.0,
        90.0,
        110.0,
        130.0,
        150.0,
        170.0,
        10.0,
        30.0,
        50.0,
        70.0,
        90.0,
        110.0,
        130.0,
        150.0,
        170.0,
        10.0,
        30.0,
        50.0,
        70.0,
        90.0,
        110.0,
        130.0,
        150.0,
        170.0,
        10.0,
        30.0,
        50.0,
        70.0,
        90.0,
        110.0,
        130.0,
        150.0,
        170.0
    ],
    "end_disp": [
        7.628366270558141,
        19.989870069144658,
        31.68782500905901,
        41.799529999202846,
        49.39400040994077,
        53.127899943159015,
        50.745061523532634,
        38.627784213814465,
        14.555836353186711,
        6.36155638939799,
        16.796690267817393,
        26.50396993779675,
        34.622161206771345,
        40.252196297145844,
        42.187559922231905,
        38.74643680931858,
        28.082526706567382,
        10.23705374146003,
        5.460511730583254,
        14.482766873906359,
        22.75894621185673,
        29.49220882093084,
        33.85675392196888,
        34.8308811053594,
        31.203717073339934,
        22.018909296407806,
        7.898166456254181,
        4.784706177821056,
        12.72878171750665,
        19.932373265247595,
        25.66098868479217,
        29.169220655622848,
        29.60173129152163,
        26.0762167496612,
        18.096736930868307,
        6.431916079998072,
        4.258191690557985,
        11.353482337197734,
        17.725876664385694,
        22.69836502875254,
        25.600593887199697,
        25.71314914385337,
        22.379229172585852,
        15.356344615481287,
        5.426924475710816,
        3.8359918321541375,
        10.246229261973227,
        15.956849631729826,
        20.34257426195134,
        22.799296360228944,
        22.715903179084936,
        19.5929412397807,
        13.335216815965751,
        4.6952711087753976,
        3.4896636158974714,
        9.33564506311493,
        14.507584207368335,
        18.426271795781837,
        20.544887578391386,
        20.338500886119995,
        17.42011439826565,
        11.783764052661851,
        4.13891992253062,
        3.2002976026489387,
        8.573617968010497,
        13.298930533465105,
        16.837920083646566,
        18.69301839293691,
        18.408390665418448,
        15.67937248180145,
        10.555676762510794,
        3.7017210908975406,
        2.954814709191632,
        7.926539091379348,
        12.27576834718986,
        15.500507272238686,
        17.145568107209105,
        16.811103359467676,
        14.2540767458537,
        9.559598391478897,
        3.349200246045628
    ],
    "t_solve": [
        94.14463949203491,
        116.437424659729,
        98.6809754371643,
        95.91550278663635,
        113.9231767654419,
        108.84587025642395,
        130.062912940979,
        116.05902576446533,
        109.84532904624939,
        128.7543430328369,
        106.2518699169159,
        115.15312218666077,
        107.36560535430908,
        125.03704023361206,
        122.56783199310303,
        137.52353763580322,
        118.11936044692993,
        111.40188789367676,
        113.11206150054932,
        92.92028594017029,
        96.45020341873169,
        93.76462745666504,
        99.05439591407776,
        98.78834414482117,
        91.3900842666626,
        88.02249360084534,
        88.65698099136353,
        96.38719034194946,
        106.24527621269226,
        110.7779312133789,
        92.94808006286621,
        107.11914587020874,
        101.63413429260254,
        94.1412444114685,
        91.29978775978088,
        93.34800815582275,
        103.472740650177,
        112.95536613464355,
        110.5215470790863,
        112.6316339969635,
        102.884925365448,
        96.2726936340332,
        96.6470537185669,
        94.476238489151,
        90.77558445930481,
        96.17754626274109,
        116.965176820755,
        111.48886203765869,
        121.65498328208923,
        106.43859648704529,
        94.51378750801086,
        94.70442652702332,
        101.76698613166809,
        92.27894639968872,
        97.56352400779724,
        104.49215650558472,
        119.93879556655884,
        116.006516456604,
        94.92881202697754,
        117.39524149894714,
        104.86554503440857,
        103.32126975059509,
        124.03161454200745,
        116.30269479751587,
        112.03399443626404,
        109.95599889755249,
        111.25565361976624,
        100.19570851325989,
        106.6396598815918,
        102.03709554672241,
        85.29135799407959,
        89.70294141769409,
        84.20162391662598,
        102.76428985595703,
        104.58589315414429,
        99.95706105232239,
        97.87976264953613,
        95.41849875450134,
        103.23776483535767,
        97.53525352478027,
        97.74786972999573
    ],