{
    "end_disp": [
        42.020918146694,
        49.867600933287726,
        52.62728971731149,
        54.01263253128784,
        55.05699295630187,
        55.537173514210444,
        55.88784954159959,
        56.157119357369666
    ],
    "elem_size": [
        40.0,
        20.0,
        13.333333333333334,
        10.0,
        8.0,
        6.666666666666667,
        5.714285714285714,
        5.0
    ],
    "num_elem": [
        3,
        20,
        63,
        144,
        300,
        504,
        784,
        1152
    ],
    "NW": [
        1,
        2,
        3,
        4,
        5,
        6,
        7,
        8
    ],
    "NL": [
        3,
        5,
        7,
        9,
        12,
        14,
        16,
        18
    ],
    "volume": [
        [
            143999.99999999985,
            143909.164785223
        ],
        [
            143999.99999999933,
            143909.16416739748
        ],
        [
            143999.99999999919,
            143909.19773545116
        ],
        [
            143999.99999999994,
            143909.23949738024
        ],
        [
            144000.00000000367,
            143909.2898821017
        ],
        [
            143999.99999999578,
            143909.3220223329
        ],
        [
            144000.00000001705,
            143909.34957722723
        ],
        [
            143999.9999999745,
            143909.37338568442
        ]
    ],
    "fixed_params": {
        "C_1": 1.9,
        "beam_angle": 90,
        "kappa": 3000,
        "density": 0.00102,
        "g": 9.81,
        "width": 40,
        "length": 90,
        "elem_order": 2,
        "num_load_steps": 30,
        "rtol": 1e-09,
        "atol": 1e-09,
        "max_iter": 50
    }
}