{
    "Surrogate APE": [
        -0.8947214484214783,
        -0.8952198028564453,
        -0.8964192271232605,
        -0.8986227512359619,
        -0.9020193815231323,
        -0.9068490862846375,
        -0.9131830334663391,
        -0.9201127886772156,
        -0.928137481212616,
        -0.9364724159240723,
        -0.9451764225959778,
        -0.9540325403213501,
        -0.9626112580299377,
        -0.9718139171600342,
        -0.9812384247779846,
        -0.9907792210578918,
        -1.0010825395584106,
        -1.0118902921676636,
        -1.022851824760437,
        -1.0345771312713623,
        -1.0460201501846313,
        -1.0577198266983032,
        -1.0688557624816895,
        -1.0790224075317383,
        -1.0882325172424316,
        -1.0961893796920776,
        -1.1027525663375854,
        -1.1078306436538696,
        -1.111240029335022,
        -1.1125422716140747,
        -1.112636685371399,
        -1.1108908653259277,
        -1.1082359552383423,
        -1.1037828922271729,
        -1.0981402397155762,
        -1.091107964515686,
        -1.0823403596878052,
        -1.0719610452651978,
        -1.0595329999923706,
        -1.045088529586792,
        -1.0287456512451172,
        -1.0109654664993286,
        -0.9917265772819519,
        -0.9718906283378601,
        -0.9530164003372192,
        -0.9351645112037659,
        -0.9199742674827576,
        -0.9092283248901367,
        -0.9009715914726257,
        -0.8969584703445435
    ],
    "Local Linearisation": [
        -0.8948181869029173,
        -0.8952691783294846,
        -0.8963941041445129,
        -0.8985117002083965,
        -0.9020421674620612,
        -0.9069657366763756,
        -0.9131517613350131,
        -0.9204665177670184,
        -0.9285677757615699,
        -0.9372534266961214,
        -0.946080673835764,
        -0.9548842622445329,
        -0.9638648509598402,
        -0.9729942331560131,
        -0.9823339696198174,
        -0.991927829657999,
        -1.0021987237660683,
        -1.0127489526443105,
        -1.0237620428529446,
        -1.0351110156476786,
        -1.046645793256973,
        -1.057668499258024,
        -1.0686548584017812,
        -1.078307326586004,
        -1.08731684585898,
        -1.0944572387035587,
        -1.1005482676951215,
        -1.1048584015813845,
        -1.1073245653913677,
        -1.108458506981913,
        -1.1078338653697375,
        -1.1054462267816585,
        -1.1024307280758396,
        -1.09779931344427,
        -1.0923545965105685,
        -1.0853394322419854,
        -1.0775787190112043,
        -1.068037301264484,
        -1.0565271863685681,
        -1.043378546211714,
        -1.0283765128565776,
        -1.0115250996608163,
        -0.9937360442170996,
        -0.9740783640832519,
        -0.9532632088758849,
        -0.9342259446630703,
        -0.9191037648197393,
        -0.9078556038851315,
        -0.9003441994107547,
        -0.8963422624961203
    ],
    "Forward KL": [
        -0.5789120197296143,
        -0.6121503114700317,
        -0.6380828022956848,
        -0.6642987728118896,
        -0.6902062296867371,
        -0.715259850025177,
        -0.7387100458145142,
        -0.7606006264686584,
        -0.7804045677185059,
        -0.7984343767166138,
        -0.8140453100204468,
        -0.8274445533752441,
        -0.8387380838394165,
        -0.8480775356292725,
        -0.8555057048797607,
        -0.861081063747406,
        -0.8648789525032043,
        -0.8669334053993225,
        -0.8673325777053833,
        -0.8661546111106873,
        -0.8634048104286194,
        -0.859307050704956,
        -0.8540913462638855,
        -0.848182737827301,
        -0.84214186668396,
        -0.8365536332130432,
        -0.832136869430542,
        -0.8292965292930603,
        -0.8285881280899048,
        -0.8303754329681396,
        -0.8345538973808289,
        -0.841079831123352,
        -0.8497553467750549,
        -0.8597782254219055,
        -0.8704643249511719,
        -0.8805962800979614,
        -0.8886665105819702,
        -0.892787754535675,
        -0.890394389629364,
        -0.8789692521095276,
        -0.8566561937332153,
        -0.8227509260177612,
        -0.7787335515022278,
        -0.7283231019973755,
        -0.6765797734260559,
        -0.6271698474884033,
        -0.5827240943908691,
        -0.5440992116928101,
        -0.5114890933036804,
        -0.4841848313808441
    ],
    "Reverse KL": [
        -0.8005645871162415,
        -0.8088127970695496,
        -0.8210334777832031,
        -0.8358339667320251,
        -0.851971447467804,
        -0.8682849407196045,
        -0.883737325668335,
        -0.8983415961265564,
        -0.9117231965065002,
        -0.9245750904083252,
        -0.9364793300628662,
        -0.9454206824302673,
        -0.9581676721572876,
        -0.9675349593162537,
        -0.9770703911781311,
        -0.9867423176765442,
        -0.9954899549484253,
        -1.0027542114257812,
        -1.0097944736480713,
        -1.011716365814209,
        -1.006024718284607,
        -1.001448631286621,
        -0.9914750456809998,
        -0.9786433577537537,
        -0.9626823663711548,
        -0.948911190032959,
        -0.9324648976325989,
        -0.9172854423522949,
        -0.9069048166275024,
        -0.9027207493782043,
        -0.9089656472206116,
        -0.9251353740692139,
        -0.9546149373054504,
        -0.9893469214439392,
        -1.0249345302581787,
        -1.0428773164749146,
        -1.0474302768707275,
        -1.0453155040740967,
        -1.0322980880737305,
        -1.0168559551239014,
        -0.9981997609138489,
        -0.9766262769699097,
        -0.9639180302619934,
        -0.9477246999740601,
        -0.9324705004692078,
        -0.9189762473106384,
        -0.906761109828949,
        -0.8960103988647461,
        -0.8873198628425598,
        -0.8812749981880188
    ]
}