{
    "Surrogate APE": [
        -0.8947214484214783,
        -0.8952198028564453,
        -0.8964192271232605,
        -0.8986227512359619,
        -0.9020193815231323,
        -0.9068490862846375,
        -0.9131830334663391,
        -0.9201127886772156,
        -0.928137481212616,
        -0.9364724159240723,
        -0.9451764225959778,
        -0.9540325403213501,
        -0.9626112580299377,
        -0.9718139171600342,
        -0.9812384247779846,
        -0.9907792210578918,
        -1.0010825395584106,
        -1.0118902921676636,
        -1.022851824760437,
        -1.0345771312713623,
        -1.0460201501846313,
        -1.0577198266983032,
        -1.0688557624816895,
        -1.0790224075317383,
        -1.0882325172424316,
        -1.0961893796920776,
        -1.1027525663375854,
        -1.1078306436538696,
        -1.111240029335022,
        -1.1125422716140747,
        -1.112636685371399,
        -1.1108908653259277,
        -1.1082359552383423,
        -1.1037828922271729,
        -1.0981402397155762,
        -1.091107964515686,
        -1.0823403596878052,
        -1.0719610452651978,
        -1.0595329999923706,
        -1.045088529586792,
        -1.0287456512451172,
        -1.0109654664993286,
        -0.9917265772819519,
        -0.9718906283378601,
        -0.9530164003372192,
        -0.9351645112037659,
        -0.9199742674827576,
        -0.9092283248901367,
        -0.9009715914726257,
        -0.8969584703445435
    ],
    "Local Linearisation": [
        -0.8948181869029173,
        -0.8952691783294846,
        -0.8963941041445129,
        -0.8985117002083965,
        -0.9020421674620612,
        -0.9069657366763756,
        -0.9131517613350131,
        -0.9204665177670184,
        -0.9285677757615699,
        -0.9372534266961214,
        -0.946080673835764,
        -0.9548842622445329,
        -0.9638648509598402,
        -0.9729942331560131,
        -0.9823339696198174,
        -0.991927829657999,
        -1.0021987237660683,
        -1.0127489526443105,
        -1.0237620428529446,
        -1.0351110156476786,
        -1.046645793256973,
        -1.057668499258024,
        -1.0686548584017812,
        -1.078307326586004,
        -1.08731684585898,
        -1.0944572387035587,
        -1.1005482676951215,
        -1.1048584015813845,
        -1.1073245653913677,
        -1.108458506981913,
        -1.1078338653697375,
        -1.1054462267816585,
        -1.1024307280758396,
        -1.09779931344427,
        -1.0923545965105685,
        -1.0853394322419854,
        -1.0775787190112043,
        -1.068037301264484,
        -1.0565271863685681,
        -1.043378546211714,
        -1.0283765128565776,
        -1.0115250996608163,
        -0.9937360442170996,
        -0.9740783640832519,
        -0.9532632088758849,
        -0.9342259446630703,
        -0.9191037648197393,
        -0.9078556038851315,
        -0.9003441994107547,
        -0.8963422624961203
    ],
    "Forward KL": [
        -0.7982735633850098,
        -0.7982736229896545,
        -0.7982736229896545,
        -0.7982735633850098,
        -0.7982736229896545,
        -0.7982735633850098,
        -0.7982736229896545,
        -0.7982735633850098,
        -0.7982736229896545,
        -0.7982735633850098,
        -0.7982735633850098,
        -0.7982735633850098,
        -0.7982735633850098,
        -0.8022992610931396,
        -0.8022825121879578,
        -0.802282989025116,
        -0.8045423626899719,
        -0.8029347658157349,
        -0.8028106093406677,
        -0.8026631474494934,
        -0.7999496459960938,
        -0.7957060933113098,
        -0.7851831912994385,
        -0.7788322567939758,
        -0.7714337706565857,
        -0.7641883492469788,
        -0.765826940536499,
        -0.7655183672904968,
        -0.7654823064804077,
        -0.772493839263916,
        -0.7785505652427673,
        -0.7808469533920288,
        -0.7966101169586182,
        -0.8007137775421143,
        -0.8023837804794312,
        -0.8059263229370117,
        -0.8028438687324524,
        -0.8034666180610657,
        -0.803379476070404,
        -0.8022828102111816,
        -0.8022826313972473,
        -0.8022847175598145,
        -0.7982735633850098,
        -0.7982736229896545,
        -0.7982736229896545,
        -0.7982736229896545,
        -0.7982735633850098,
        -0.7982736229896545,
        -0.7982735633850098,
        -0.7982735633850098
    ],
    "Reverse KL": [
        -0.4334403872489929,
        -0.4963725209236145,
        -0.5612100958824158,
        -0.6150267720222473,
        -0.6751969456672668,
        -0.7238466143608093,
        -0.7475430965423584,
        -0.7804016470909119,
        -0.8278244733810425,
        -0.857713520526886,
        -0.8658775091171265,
        -0.8646445870399475,
        -0.8767926096916199,
        -0.9058637619018555,
        -0.9341083765029907,
        -0.9489662051200867,
        -0.9442985653877258,
        -0.9341990351676941,
        -0.9240109920501709,
        -0.9173321723937988,
        -0.9108511209487915,
        -0.9038017988204956,
        -0.895691454410553,
        -0.8853026032447815,
        -0.8739690184593201,
        -0.8639447689056396,
        -0.8571032285690308,
        -0.8546226024627686,
        -0.8569814562797546,
        -0.8655814528465271,
        -0.8803938627243042,
        -0.9016163945198059,
        -0.9269149899482727,
        -0.9522711634635925,
        -0.9775413274765015,
        -0.9993644952774048,
        -1.0127495527267456,
        -1.0021692514419556,
        -0.9642614126205444,
        -0.9365646243095398,
        -0.9154446125030518,
        -0.8994808197021484,
        -0.8302793502807617,
        -0.7588596940040588,
        -0.7056020498275757,
        -0.6452964544296265,
        -0.5659037232398987,
        -0.4630855321884155,
        -0.3618764579296112,
        -0.271425724029541
    ]
}