{
    "Local Linearisation": [
        8.182674355339259e-05,
        0.0006444637547247112,
        0.0015844672452658415,
        0.003292017849162221,
        0.0066894907504320145,
        0.011952325701713562,
        0.015572190284729004,
        0.010637685656547546,
        0.0014422357780858874,
        7.776953862048686e-05
    ],
    "Forward KL": [
        0.08824699372053146,
        0.10243600606918335,
        0.14310544729232788,
        0.18949733674526215,
        0.24065890908241272,
        0.30895107984542847,
        0.27290645241737366,
        0.23328794538974762,
        0.14960996806621552,
        0.08966848254203796
    ],
    "Reverse KL": [
        0.4027538299560547,
        0.12478162348270416,
        0.05522238463163376,
        0.06957776099443436,
        0.21374504268169403,
        0.2911683917045593,
        0.19656780362129211,
        0.07668595761060715,
        0.18530388176441193,
        0.5603922009468079
    ]
}