{
    "Local Linearisation": [
        0.00010298849520040676,
        0.0006894368561916053,
        0.0017741152551025152,
        0.003507914487272501,
        0.006878693122416735,
        0.012210605666041374,
        0.01622348465025425,
        0.01164777297526598,
        0.0016857510199770331,
        0.00010484840458957478
    ],
    "Forward KL": [
        0.4885472059249878,
        0.27890744805336,
        0.19549301266670227,
        0.2740120589733124,
        0.5718307495117188,
        0.9407818913459778,
        0.863787829875946,
        0.3894987404346466,
        0.42530906200408936,
        0.6724679470062256
    ],
    "Reverse KL": [
        0.06143316999077797,
        0.02081741765141487,
        0.006489594466984272,
        0.01126572024077177,
        0.1142837330698967,
        0.4451456367969513,
        0.22741393744945526,
        0.028974441811442375,
        0.018488407135009766,
        0.0103123364970088
    ]
}