{
    "Local Linearisation": [
        8.182674355339259e-05,
        0.0006444637547247112,
        0.0015844672452658415,
        0.003292017849162221,
        0.0066894907504320145,
        0.011952325701713562,
        0.015572190284729004,
        0.010637685656547546,
        0.0014422357780858874,
        7.776953862048686e-05
    ],
    "Forward KL": [
        0.2817400395870209,
        0.16491957008838654,
        0.11681748926639557,
        0.1389281004667282,
        0.21971191465854645,
        0.2925308048725128,
        0.25976788997650146,
        0.16462059319019318,
        0.23894473910331726,
        0.3840213716030121
    ],
    "Reverse KL": [
        0.07393152266740799,
        0.023487050086259842,
        0.006911125034093857,
        0.009679182432591915,
        0.07419236749410629,
        0.23298075795173645,
        0.1189780905842781,
        0.023221740499138832,
        0.019618669524788857,
        0.011947624385356903
    ]
}