{
    "Local Linearisation": [
        0.00010298849520040676,
        0.0006894368561916053,
        0.0017741152551025152,
        0.003507914487272501,
        0.006878693122416735,
        0.012210605666041374,
        0.01622348465025425,
        0.01164777297526598,
        0.0016857510199770331,
        0.00010484840458957478
    ],
    "Forward KL": [
        0.1364755630493164,
        0.16556337475776672,
        0.24979354441165924,
        0.3579537868499756,
        0.5009397268295288,
        0.9268689751625061,
        0.6265887022018433,
        0.5016171336174011,
        0.2689572870731354,
        0.13871055841445923
    ],
    "Reverse KL": [
        0.30742278695106506,
        0.09956929087638855,
        0.049258917570114136,
        0.07945699244737625,
        0.30803659558296204,
        0.5059540271759033,
        0.3384447395801544,
        0.0907084122300148,
        0.15979599952697754,
        0.42098480463027954
    ]
}