{
    "noise_cov": [
        0.0010000000474974513,
        0.0020000000949949026,
        0.003000000026077032,
        0.004000000189989805,
        0.005000000353902578,
        0.006000000052154064,
        0.007000000216066837,
        0.00800000037997961,
        0.009000000543892384,
        0.009999999776482582
    ],
    "d": [
        0.0,
        0.020408162847161293,
        0.040816325694322586,
        0.06122449040412903,
        0.08163265138864517,
        0.10204081237316132,
        0.12244898080825806,
        0.1428571343421936,
        0.16326530277729034,
        0.18367347121238708,
        0.20408162474632263,
        0.22448979318141937,
        0.2448979616165161,
        0.26530611515045166,
        0.2857142686843872,
        0.30612245202064514,
        0.3265306055545807,
        0.34693875908851624,
        0.36734694242477417,
        0.3877550959587097,
        0.40816324949264526,
        0.4285714328289032,
        0.44897958636283875,
        0.4693877398967743,
        0.4897959232330322,
        0.5102040767669678,
        0.5306122303009033,
        0.5510203838348389,
        0.5714285373687744,
        0.5918367505073547,
        0.6122449040412903,
        0.6326530575752258,
        0.6530612111091614,
        0.6734693646430969,
        0.6938775181770325,
        0.714285671710968,
        0.7346938848495483,
        0.7551020383834839,
        0.7755101919174194,
        0.795918345451355,
        0.8163264989852905,
        0.8367346525192261,
        0.8571428656578064,
        0.8775510191917419,
        0.8979591727256775,
        0.918367326259613,
        0.9387754797935486,
        0.9591836333274841,
        0.9795918464660645,
        1.0
    ],
    "ape": [
        [
            -0.8989604065083886,
            -0.910536358188783,
            -0.9299220494971816,
            -0.95629958008061,
            -0.9899207806122201,
            -1.027842852856917,
            -1.0687253466007365,
            -1.1117388537209154,
            -1.1554466892845654,
            -1.1995678015922087,
            -1.241547435436731,
            -1.281884350214442,
            -1.320263827465528,
            -1.3562389548816198,
            -1.3892346754250977,
            -1.4179871041631151,
            -1.4446820839065069,
            -1.4671668120724188,
            -1.4869768654619806,
            -1.5027281664292933,
            -1.5166050325535911,
            -1.526823738543637,
            -1.534864046425363,
            -1.5394024696739672,
            -1.540593992557229,
            -1.5402167599453807,
            -1.5361425401545925,
            -1.5303187651803556,
            -1.5213255976447808,
            -1.5097478187161295,
            -1.4945964750172538,
            -1.4769131813201761,
            -1.4566160024364585,
            -1.4332071069579828,
            -1.4060856096093495,
            -1.3765619331600232,
            -1.3438274082647585,
            -1.3079867973360408,
            -1.269322694914424,
            -1.2284080800222406,
            -1.1861609590520226,
            -1.143191340431751,
            -1.1001078052827702,
            -1.057450053042121,
            -1.018099181649188,
            -0.9820072700860218,
            -0.9514927601316846,
            -0.9269452502857468,
            -0.909789664467149,
            -0.8995281299065825
        ],
        [
            -0.8967427139389134,
            -0.9024734881005079,
            -0.9124332428058908,
            -0.9268093071756839,
            -0.9455568602644964,
            -0.9677407169865481,
            -0.9927719525449147,
            -1.0198186994541847,
            -1.047568908824728,
            -1.0762702471033088,
            -1.1044259221658577,
            -1.1317829337872263,
            -1.1585952544503249,
            -1.1839691142560465,
            -1.2069349669912222,
            -1.2283182253194367,
            -1.2472062961503116,
            -1.2651597259354923,
            -1.27977713848128,
            -1.291735804575999,
            -1.3027319125116201,
            -1.3101349798990776,
            -1.3160620510250527,
            -1.3194278288994328,
            -1.3210969869496774,
            -1.3201130575674487,
            -1.3170618184212302,
            -1.3127018633188714,
            -1.3054674230431542,
            -1.2966670394799111,
            -1.2852562070601425,
            -1.2716921802761314,
            -1.2562720493013952,
            -1.2394292883179079,
            -1.2193536015988506,
            -1.1977969685832532,
            -1.1744178465716795,
            -1.1492974635220374,
            -1.1228008496775155,
            -1.0952549789068329,
            -1.0671685722048878,
            -1.0393211105687425,
            -1.0119447010922817,
            -0.9859581221226267,
            -0.9619977325514913,
            -0.9413574053921142,
            -0.9241890596859851,
            -0.910974620016211,
            -0.9020257859663129,
            -0.8968078510406996
        ],
        [
            -0.8960102420358572,
            -0.8998199011041595,
            -0.9065091169706578,
            -0.9162627773072143,
            -0.9292560703545191,
            -0.9451023959921485,
            -0.9631789452981695,
            -0.9829706660630311,
            -1.0040113095951695,
            -1.0258402762022993,
            -1.0470720901878812,
            -1.068710446184663,
            -1.0890389992546647,
            -1.1090877888134236,
            -1.1271301286211701,
            -1.1440099595764022,
            -1.1593641550077245,
            -1.1733509074812838,
            -1.18532143616357,
            -1.1949289666245078,
            -1.2036385860772811,
            -1.209857982549051,
            -1.2147663912323878,
            -1.217752132450331,
            -1.2186547839365893,
            -1.2180205061742262,
            -1.2154791863591798,
            -1.2116230758925748,
            -1.2058303005553699,
            -1.198652965080877,
            -1.1893168284432536,
            -1.178684424616185,
            -1.166065522920654,
            -1.1522363388060997,
            -1.1364036932096127,
            -1.1193470765380917,
            -1.1007912689883441,
            -1.081202281546386,
            -1.0611876541022287,
            -1.0398525025384502,
            -1.0186960588992737,
            -0.9974820275847294,
            -0.9771321748233409,
            -0.9581461012647019,
            -0.9409327358296165,
            -0.9262746886494451,
            -0.9143906573021843,
            -0.90544797386156,
            -0.8994221788289308,
            -0.895959891804144
        ],
        [
            -0.8956161270669777,
            -0.8984611589977739,
            -0.9034679344406236,
            -0.9108850005048983,
            -0.9208638645177816,
            -0.9330670417043382,
            -0.9471961580959453,
            -0.9629950630035105,
            -0.9800184901959399,
            -0.9975764310264442,
            -1.0150372389903914,
            -1.0323744762254876,
            -1.0494615937066483,
            -1.066014025191716,
            -1.081177312724137,
            -1.095317581065001,
            -1.1081298298742832,
            -1.1197328591306555,
            -1.1299157774022297,
            -1.1380150174779171,
            -1.1454264813978252,
            -1.1507300211892697,
            -1.1548343004701385,
            -1.1570133431063323,
            -1.1579275458697134,
            -1.1574755923025684,
            -1.1552594744351854,
            -1.1520016226156464,
            -1.1473331960417124,
            -1.1410487255200892,
            -1.1332208924037932,
            -1.1240010761439516,
            -1.113612429065513,
            -1.1018542594321794,
            -1.088690562800772,
            -1.0743832078850368,
            -1.0590586675439604,
            -1.042911244222377,
