{
    "Surrogate APE": [
        -0.8952592611312866,
        -0.8974236249923706,
        -0.9014646410942078,
        -0.9067419767379761,
        -0.9141371250152588,
        -0.9230115413665771,
        -0.9338549375534058,
        -0.9462918043136597,
        -0.9595592617988586,
        -0.9739126563072205,
        -0.9885508418083191,
        -1.003572940826416,
        -1.0181422233581543,
        -1.0325230360031128,
        -1.0457676649093628,
        -1.0583056211471558,
        -1.0697097778320312,
        -1.080362319946289,
        -1.0890896320343018,
        -1.09673011302948,
        -1.1030765771865845,
        -1.1079199314117432,
        -1.1112920045852661,
        -1.1134607791900635,
        -1.114349126815796,
        -1.1138848066329956,
        -1.1119930744171143,
        -1.1089580059051514,
        -1.1048227548599243,
        -1.09895658493042,
        -1.0920486450195312,
        -1.084138035774231,
        -1.0746177434921265,
        -1.0644712448120117,
        -1.0528384447097778,
        -1.0403169393539429,
        -1.027134895324707,
        -1.0131113529205322,
        -0.9989055395126343,
        -0.9843893051147461,
        -0.9699572324752808,
        -0.9556834101676941,
        -0.9427547454833984,
        -0.931096613407135,
        -0.9207692742347717,
        -0.9121010303497314,
        -0.905460774898529,
        -0.9004189372062683,
        -0.8973891139030457,
        -0.8953166604042053
    ],
    "Local Linearisation": [
        -0.8953535575354004,
        -0.8976301219731251,
        -0.9017084663741789,
        -0.9076060972657765,
        -0.9157022764124517,
        -0.925563466249383,
        -0.9372345787680573,
        -0.9502945361091979,
        -0.9644370770049348,
        -0.9792751038104709,
        -0.9941441694806201,
        -1.0090260524809465,
        -1.023559436621344,
        -1.0377616491029664,
        -1.0509157529173272,
        -1.0630147544302966,
        -1.0742338127157713,
        -1.084351161701774,
        -1.093046355735377,
        -1.1001168761474964,
        -1.1065418935838174,
        -1.1112725334375293,
        -1.11460584335673,
        -1.1166272961721446,
        -1.117235941739906,
        -1.1169973527471408,
        -1.115029791481018,
        -1.1121867898036886,
        -1.1078672523052742,
        -1.1024442139692294,
        -1.0955686382627854,
        -1.0878450675375393,
        -1.0787027445996742,
        -1.0685787278059493,
        -1.0571772553862202,
        -1.0447745269355209,
        -1.0318552390875078,
        -1.0178327791186292,
        -1.0035235575420822,
        -0.9890048734621089,
        -0.974307533922127,
        -0.9601596279455951,
        -0.946351990089913,
        -0.9339666363357982,
        -0.9229841451766531,
        -0.9137201219137591,
        -0.9063192219021021,
        -0.9009817110118802,
        -0.8973238038233683,
        -0.8952840926909873
    ]
}