{
    "C_1": [
        1.9,
        1.9,
        1.9,
        1.9,
        1.9,
        1.9,
        1.9,
        1.9,
        1.9,
        1.9,
        2.4555555555555557,
        2.4555555555555557,
        2.4555555555555557,
        2.4555555555555557,
        2.4555555555555557,
        2.4555555555555557,
        2.4555555555555557,
        2.4555555555555557,
        2.4555555555555557,
        2.4555555555555557,
        3.011111111111111,
        3.011111111111111,
        3.011111111111111,
        3.011111111111111,
        3.011111111111111,
        3.011111111111111,
        3.011111111111111,
        3.011111111111111,
        3.011111111111111,
        3.011111111111111,
        3.5666666666666664,
        3.5666666666666664,
        3.5666666666666664,
        3.5666666666666664,
        3.5666666666666664,
        3.5666666666666664,
        3.5666666666666664,
        3.5666666666666664,
        3.5666666666666664,
        3.5666666666666664,
        4.122222222222222,
        4.122222222222222,
        4.122222222222222,
        4.122222222222222,
        4.122222222222222,
        4.122222222222222,
        4.122222222222222,
        4.122222222222222,
        4.122222222222222,
        4.122222222222222,
        4.677777777777777,
        4.677777777777777,
        4.677777777777777,
        4.677777777777777,
        4.677777777777777,
        4.677777777777777,
        4.677777777777777,
        4.677777777777777,
        4.677777777777777,
        4.677777777777777,
        5.233333333333333,
        5.233333333333333,
        5.233333333333333,
        5.233333333333333,
        5.233333333333333,
        5.233333333333333,
        5.233333333333333,
        5.233333333333333,
        5.233333333333333,
        5.233333333333333,
        5.78888888888889,
        5.78888888888889,
        5.78888888888889,
        5.78888888888889,
        5.78888888888889,
        5.78888888888889,
        5.78888888888889,
        5.78888888888889,
        5.78888888888889,
        5.78888888888889,
        6.344444444444445,
        6.344444444444445,
        6.344444444444445,
        6.344444444444445,
        6.344444444444445,
        6.344444444444445,
        6.344444444444445,
        6.344444444444445,
        6.344444444444445,
        6.344444444444445,
        6.9,
        6.9,
        6.9,
        6.9,
        6.9,
        6.9,
        6.9,
        6.9,
        6.9,
        6.9
    ],
    "beam_angle": [
        0.0,
        20.0,
        40.0,
        60.0,
        80.0,
        100.0,
        120.0,
        140.0,
        160.0,
        180.0,
        0.0,
        20.0,
        40.0,
        60.0,
        80.0,
        100.0,
        120.0,
        140.0,
        160.0,
        180.0,
        0.0,
        20.0,
        40.0,
        60.0,
        80.0,
        100.0,
        120.0,
        140.0,
        160.0,
        180.0,
        0.0,
        20.0,
        40.0,
        60.0,
        80.0,
        100.0,
        120.0,
        140.0,
        160.0,
        180.0,
        0.0,
        20.0,
        40.0,
        60.0,
        80.0,
        100.0,
        120.0,
        140.0,
        160.0,
        180.0,
        0.0,
        20.0,
        40.0,
        60.0,
        80.0,
        100.0,
        120.0,
        140.0,
        160.0,
        180.0,
        0.0,
        20.0,
        40.0,
        60.0,
        80.0,
        100.0,
        120.0,
        140.0,
        160.0,
        180.0,
        0.0,
        20.0,
        40.0,
        60.0,
        80.0,
        100.0,
        120.0,
        140.0,
        160.0,
        180.0,
        0.0,
        20.0,
        40.0,
        60.0,
        80.0,
        100.0,
        120.0,
        140.0,
        160.0,
        180.0,
        0.0,
        20.0,
        40.0,
        60.0,
        80.0,
        100.0,
        120.0,
        140.0,
        160.0,
        180.0
    ],
    "end_disp": [
        3.0884075311513284,
        21.304260462111394,
        39.020611024411174,
        52.11213154844151,
        58.947613208203094,
        58.69272001389831,
        51.378475506471,
        37.898121908456226,
        19.937823191646302,
        3.0884075311513364,
        2.390317119947229,
        16.489661392210778,
        30.202326081199487,
        40.33532121045425,
        45.626075882126784,
        45.42880369971014,
        39.76751501479546,
        29.33358604577798,
        15.432119013101032,
        2.390317119947233,
        1.9498147452332069,
        13.451575793671454,
        24.637851247387246,
        32.903969810666794,
        37.219976872240686,
        37.05906384455769,
        32.440815721295884,
        23.929228190688594,
        12.588947707480163,
        1.9498147452332044,
        1.6465328668632466,
        11.359868808416651,
        20.806736334968484,
        27.787518450398586,
        31.432415793345676,
        31.296535496545033,
        27.396415761686725,
        20.208351410985696,
        10.631436295284477,
        1.6465328668632433,
        1.4249919868099163,
        9.831914602764677,
        18.008175144883708,
        24.050041452125114,
        27.204704741032295,
        27.087110156083366,
        23.711570302578583,
        17.49031610413991,
        9.201508222511116,
        1.4249919868099141,
        1.2560685949785215,
        8.666855668678952,
        15.874282894882993,
        21.20022917417613,
        23.98109061143176,
        23.877438634112035,
        20.90188886052991,
        15.41782375030311,
        8.111192892433445,
        1.2560685949785206,
        1.1230058087003745,
        7.749123367251281,
        14.193387370649932,
        18.95539363122459,
        21.44180615550073,
        21.34913682569295,
        18.68866453678386,
        13.785293169118365,
        7.252336428627959,
        1.1230058087003727,
        1.0154793002349973,
        7.007512625187131,
        12.835071365578578,
        17.14136278840402,
        19.389833749796342,
        19.3060392941126,
        16.900178135007216,
        12.466059979438777,
        6.558302163102116,
        1.0154793002349933,
        0.9267809471541408,
        6.395758476259446,
        11.714597252154523,
        15.644969629646114,
        17.697162617115577,
        17.620688959725186,
        15.424856339975747,
        11.377824904706994,
        5.985793393517708,
        0.92678094715414,
        0.8523630366504414,
        5.882495842108046,
        10.774517611877473,
        14.389493180122361,
        16.277008530353466,
        16.20667696884597,
        14.18705860954566,
        10.46479358076891,
        5.50545734490248,
        0.852363036650441
    ],