{
    "C_1": [
        1.9477777777777776,
        1.9477777777777776,
        1.9477777777777776,
        1.9477777777777776,
        1.9477777777777776,
        1.9477777777777776,
        1.9477777777777776,
        1.9477777777777776,
        2.503333333333333,
        2.503333333333333,
        2.503333333333333,
        2.503333333333333,
        2.503333333333333,
        2.503333333333333,
        2.503333333333333,
        2.503333333333333,
        3.0588888888888888,
        3.0588888888888888,
        3.0588888888888888,
        3.0588888888888888,
        3.0588888888888888,
        3.0588888888888888,
        3.0588888888888888,
        3.0588888888888888,
        3.6144444444444446,
        3.6144444444444446,
        3.6144444444444446,
        3.6144444444444446,
        3.6144444444444446,
        3.6144444444444446,
        3.6144444444444446,
        3.6144444444444446,
        4.17,
        4.17,
        4.17,
        4.17,
        4.17,
        4.17,
        4.17,
        4.17,
        4.725555555555555,
        4.725555555555555,
        4.725555555555555,
        4.725555555555555,
        4.725555555555555,
        4.725555555555555,
        4.725555555555555,
        4.725555555555555,
        5.281111111111111,
        5.281111111111111,
        5.281111111111111,
        5.281111111111111,
        5.281111111111111,
        5.281111111111111,
        5.281111111111111,
        5.281111111111111,
        5.836666666666667,
        5.836666666666667,
        5.836666666666667,
        5.836666666666667,
        5.836666666666667,
        5.836666666666667,
        5.836666666666667,
        5.836666666666667,
        6.392222222222222,
        6.392222222222222,
        6.392222222222222,
        6.392222222222222,
        6.392222222222222,
        6.392222222222222,
        6.392222222222222,
        6.392222222222222
    ],
    "beam_angle": [
        10.0,
        32.85714285714286,
        55.714285714285715,
        78.57142857142857,
        101.42857142857143,
        124.28571428571429,
        147.14285714285714,
        170.0,
        10.0,
        32.85714285714286,
        55.714285714285715,
        78.57142857142857,
        101.42857142857143,
        124.28571428571429,
        147.14285714285714,
        170.0,
        10.0,
        32.85714285714286,
        55.714285714285715,
        78.57142857142857,
        101.42857142857143,
        124.28571428571429,
        147.14285714285714,
        170.0,
        10.0,
        32.85714285714286,
        55.714285714285715,
        78.57142857142857,
        101.42857142857143,
        124.28571428571429,
        147.14285714285714,
        170.0,
        10.0,
        32.85714285714286,
        55.714285714285715,
        78.57142857142857,
        101.42857142857143,
        124.28571428571429,
        147.14285714285714,
        170.0,
        10.0,
        32.85714285714286,
        55.714285714285715,
        78.57142857142857,
        101.42857142857143,
        124.28571428571429,
        147.14285714285714,
        170.0,
        10.0,
        32.85714285714286,
        55.714285714285715,
        78.57142857142857,
        101.42857142857143,
        124.28571428571429,
        147.14285714285714,
        170.0,
        10.0,
        32.85714285714286,
        55.714285714285715,
        78.57142857142857,
        101.42857142857143,
        124.28571428571429,
        147.14285714285714,
        170.0,
        10.0,
        32.85714285714286,
        55.714285714285715,
        78.57142857142857,
        101.42857142857143,
        124.28571428571429,
        147.14285714285714,
        170.0
    ],
    "end_disp": [
        8.424163291371826,
        23.915305488194978,
        38.46012100253865,
        50.742245152847914,
        59.23843283072988,
        61.17909461627306,
        50.46544776936934,
        18.52146189665781,
        6.925510387910145,
        19.84938759600434,
        31.700869116158962,
        41.186605740703065,
        46.778279703725374,
        46.013386148840226,
        35.12979338529721,
        12.153227511596336,
        5.887637780526456,
        16.9623864009944,
        26.922401874555895,
        34.54735391806368,
        38.42260929367332,
        36.59833676998229,
        26.838379001909903,
        9.045921568635272,
        5.123008228642304,
        14.806762633096845,
        23.377531399294018,
        29.70366512497265,
        32.5239151437743,
        30.30795291021623,
        21.701650073231843,
        7.2059425518159745,
        4.534984555619224,
        13.136171974798648,
        20.648460543526234,
        26.028324738148964,
        28.16275645710097,
        25.8392252107179,
        18.20596645066954,
        5.989794113779847,
        4.0681287233566765,
        11.803671077964676,
        18.485110486980194,
        23.150616362392014,
        24.81644731611749,
        22.505946831296257,
        15.676082141251824,
        5.126484689069682,
        3.6881799606658126,
        10.716173820035646,
        16.729343729757215,
        20.839447495370365,
        22.172184131036396,
        19.92778471452071,
        13.761648309820664,
        4.482090685717055,
        3.3727586194288763,
        9.811860115589566,
        15.276561152812858,
        18.94413795336362,
        20.03229327093583,
        17.876061192019964,
        12.26309071043329,
        3.982846385635468,
        3.10660029073625,
        9.048074812247563,
        14.054943677392954,
        17.362608802344724,
        18.266253492746,
        16.20542044317445,
        11.058523321768416,
        3.584784336758488
    ],
    "t_solve": [
        501.6310303211212,
        502.71518659591675,
        526.9929721355438,
        679.5560019016266,
        792.8371274471283,
        769.0167043209076,
        802.6764357089996,
        491.41877698898315,
        485.99609184265137,
        486.150386095047,
        494.7772138118744,
        516.5027556419373,
        732.004638671875,
        641.8117563724518,
        539.8607633113861,
        483.9075183868408,
        483.8101861476898,
        486.5472033023834,
        493.782692193985,
        500.24754762649536,
        502.39090609550476,
        514.4885535240173,
        486.6969201564789,
        488.57079553604126,
        489.25762701034546,
        488.6677625179291,
        497.7866470813751,
        503.46476340293884,
        501.2337257862091,
        491.7045142650604,
        485.1985287666321,
        485.39139103889465,
        485.8803906440735,
        486.4961051940918,
        496.0314710140228,
        502.78566336631775,
        503.60711002349854,
        494.45920515060425,
        486.8954482078552,
        491.3933594226837,
        486.12461853027344,
        493.87239933013916,
        493.0466516017914,
        494.5050599575043,
        495.6653335094452,
        493.8772597312927,
        488.31361985206604,
        488.72315859794617,
        486.6882083415985,
        500.6503002643585,
        493.4531686306,
        493.4320640563965,
        494.35416984558105,
        493.80555272102356,
        487.13444328308105,
        486.03044867515564,
        486.72417163848877,
        495.02517914772034,
        497.57998752593994,
        493.18060398101807,
        497.56211376190186,
        503.632972240448,
        495.8682143688202,
        485.2257764339447,
        556.5254147052765,
        576.36847615242,
        590.6136593818665,
        549.8268518447876,
        542.8199596405029,
        570.5217275619507,
        598.0250101089478,
        523.2349922657013
    ],