{
    "tip_disp": [
        25.575062630218532,
        28.486518682490814,
        29.873045561430263,
        30.809748837886318,
        31.717128341226637,
        32.128279603658584,
        32.07409165426669
    ],
    "max_disp": [
        25.575062630218532,
        28.486518682490814,
        30.225187172134167,
        30.809748837886318,
        31.717128341226637,
        32.128279603658584,
        32.28395463131347
    ],
    "num_surfpts": [
        40,
        60,
        80,
        100,
        120,
        140,
        160
    ],
    "num_elem": [
        2752,
        4160,
        8512,
        10016,
        16384,
        17344,
        24160
    ],
    "volume": [
        [
            675691.050859572,
            675580.4882511548
        ],
        [
            737149.696993848,
            737029.7698719237
        ],
        [
            768241.000284746,
            768116.0671495992
        ],
        [
            789194.5541455741,
            789066.5340640049
        ],
        [
            801042.3156818445,
            800912.0516116711
        ],
        [
            813028.4106646308,
            812896.1651344148
        ],
        [
            819595.0534088546,
            819462.6581167037
        ]
    ],
    "fixed_params": {
        "C_1": 0.5,
        "z_rot": 90,
        "y_rot": 90,
        "density": 0.00102,
        "g": 9.81,
        "elem_order": 2,
        "num_load_steps": 50,
        "rtol": 1e-09,
        "atol": 1e-09,
        "max_iter": 50,
        "kappa": 3000,
        "x_to_fix": 10
    }
}