{
    "noise_cov": [
        0.0010000000474974513,
        0.0020000000949949026,
        0.003000000026077032,
        0.004000000189989805,
        0.005000000353902578,
        0.006000000052154064,
        0.007000000216066837,
        0.00800000037997961,
        0.009000000543892384,
        0.009999999776482582
    ],
    "d": [
        0.0,
        0.020408162847161293,
        0.040816325694322586,
        0.06122449040412903,
        0.08163265138864517,
        0.10204081237316132,
        0.12244898080825806,
        0.1428571343421936,
        0.16326530277729034,
        0.18367347121238708,
        0.20408162474632263,
        0.22448979318141937,
        0.2448979616165161,
        0.26530611515045166,
        0.2857142686843872,
        0.30612245202064514,
        0.3265306055545807,
        0.34693875908851624,
        0.36734694242477417,
        0.3877550959587097,
        0.40816324949264526,
        0.4285714328289032,
        0.44897958636283875,
        0.4693877398967743,
        0.4897959232330322,
        0.5102040767669678,
        0.5306122303009033,
        0.5510203838348389,
        0.5714285373687744,
        0.5918367505073547,
        0.6122449040412903,
        0.6326530575752258,
        0.6530612111091614,
        0.6734693646430969,
        0.6938775181770325,
        0.714285671710968,
        0.7346938848495483,
        0.7551020383834839,
        0.7755101919174194,
        0.795918345451355,
        0.8163264989852905,
        0.8367346525192261,
        0.8571428656578064,
        0.8775510191917419,
        0.8979591727256775,
        0.918367326259613,
        0.9387754797935486,
        0.9591836333274841,
        0.9795918464660645,
        1.0
    ],
    "ape": [
        [
            -0.8958598152224824,
            -0.8989753192424514,
            -0.9063949022055813,
            -0.9196676412256551,
            -0.939072740800397,
            -0.9638348785448204,
            -0.9915573080312995,
            -1.0215477562662068,
            -1.0520935411825696,
            -1.0826600971578528,
            -1.112390356505714,
            -1.1415530101158438,
            -1.1697692061739517,
            -1.1972276149733188,
            -1.2248388822156573,
            -1.252543874765902,
            -1.2813508101962165,
            -1.3093078123438804,
            -1.3378059028117113,
            -1.36677664110945,
            -1.3946277895539683,
            -1.421316341130742,
            -1.4456787922027003,
            -1.468544037796083,
            -1.486957696784765,
            -1.50257714598001,
            -1.5153780810676418,
            -1.525232698906246,
            -1.5289289876884895,
            -1.5319833955862467,
            -1.5307866204907448,
            -1.526133770635946,
            -1.5189731378802904,
            -1.5094793127994812,
            -1.4970562530511513,
            -1.4824960252553865,
            -1.4649142770494723,
            -1.4431610747079555,
            -1.4158306539951986,
            -1.38326023802877,
            -1.3454385733799876,
            -1.2995110748094862,
            -1.249605346503725,
            -1.1922846849560622,
            -1.1306501363600094,
            -1.0675599212077427,
            -1.0092881238973976,
            -0.9608975106174965,
            -0.9254382804905051,
            -0.9069349942608887
        ],
        [
            -0.8949333722738598,
            -0.8965773263683978,
            -0.9003612509019587,
            -0.907258914087623,
            -0.9175801658038445,
            -0.9311653047232841,
            -0.9470668701646721,
            -0.9647389076454223,
            -0.9830018882814292,
            -1.0017840798362287,
            -1.0202155092307836,
            -1.0385276330365936,
            -1.0564065955889002,
            -1.074140246552981,
            -1.092354115942133,
            -1.1105737253348293,
            -1.129675614554882,
            -1.1489858108810225,
            -1.168983132956304,
            -1.1895572371190906,
            -1.2096061319364735,
            -1.2295739172790179,
            -1.247890828400398,
            -1.264774949035366,
            -1.2791889527278741,
            -1.2913487224213713,
            -1.3017786728092733,
            -1.3089968060883084,
            -1.3129516392939895,
            -1.3154747301434435,
            -1.3141251819972672,
            -1.310793993105622,
            -1.3059794184122029,
            -1.2980957784951979,
            -1.2895521082291093,
            -1.2779400040922155,
            -1.26451898861627,
            -1.2483719676096268,
            -1.2285554869204567,
            -1.2046861242853295,
            -1.1772394917913331,
            -1.1446715155492557,
            -1.109843363868448,
            -1.0709546564448926,
            -1.0309282956391128,
            -0.9921209673031232,
            -0.9580799485160066,
            -0.9296257905835632,
            -0.9112364526539948,
            -0.9014993410971653
        ],
        [
            -0.8946746927763529,
            -0.895809198091083,
            -0.8983522635503688,
            -0.9029737518906948,
            -0.9099793232922682,
            -0.9193518834632258,
            -0.9305543561273587,
            -0.9431404106207046,
            -0.9562987877210765,
            -0.9700968902447614,
            -0.9835918055541012,
            -0.9968655243899998,
            -1.0102747815998385,
            -1.023413449932268,
            -1.0372503927600476,
            -1.051050535512586,
            -1.0655940337476082,
            -1.080524577874161,
            -1.0959309478269608,
            -1.1124171290138365,
            -1.1282315482371514,
            -1.1440240542965379,
            -1.1586886997319594,
            -1.172327429631553,
            -1.1842889715605234,
            -1.1945737864976098,
            -1.2033477825441512,
            -1.2089647459602764,
            -1.2126378579041863,
            -1.2149526902019339,
            -1.2143710106743393,
            -1.2117961984849854,
            -1.2080263002060074,
            -1.201974955549532,
            -1.1949037531516327,
            -1.1858545079646834,
            -1.174555297610138,
            -1.161420114322904,
            -1.1451149905271447,
            -1.12619040748347,
            -1.1039693117080673,
            -1.0784286188588252,
            -1.0512889782033514,
            -1.0214452807706729,
            -0.9915081786588335,
            -0.9632335918404852,
            -0.9383168186450827,
            -0.9186177588717017,
            -0.906219165944105,
            -0.8997477022918012
        ],
        [
            -0.8945618306924822,
            -0.8954297380350719,
            -0.8973688818042489,
            -0.9008824953391852,
            -0.9061283392618743,
            -0.9132573255798306,
            -0.9218718400698072,
            -0.9316032109528488,
            -0.9419166275079294,
            -0.9528383917692443,
            -0.9634060768235131,
            -0.9741834155678537,
            -0.9847167608416935,
            -0.9954824410233232,
            -1.0063515885323822,
            -1.01772775283526,
            -1.0294019903928604,
            -1.0418904516165357,
            -1.05437958703882,
            -1.0677407792157052,
            -1.081024887080766,
            -1.0943118770848403,
            -1.1066992256334407,
            -1.118337421976061,
            -1.128674284686379,
            -1.1372814017677952,
            -1.1447570427816869,
            -1.1501298793599657,
            -1.1531456355007326,
            -1.1553951175987185,
            -1.1550993331694777,
            -1.1531015002402356,
            -1.150085480572595,
            -1.145676025246515,
            -1.1390353160170201,
            -1.1313843480883035,
            -1.1222044237147342,
            -1.110686752476501,
