{
    "C_1": [
        1.9,
        1.9,
        1.9,
        1.9,
        1.9,
        1.9,
        1.9,
        1.9,
        1.9,
        1.9,
        2.4555555555555557,
        2.4555555555555557,
        2.4555555555555557,
        2.4555555555555557,
        2.4555555555555557,
        2.4555555555555557,
        2.4555555555555557,
        2.4555555555555557,
        2.4555555555555557,
        2.4555555555555557,
        3.011111111111111,
        3.011111111111111,
        3.011111111111111,
        3.011111111111111,
        3.011111111111111,
        3.011111111111111,
        3.011111111111111,
        3.011111111111111,
        3.011111111111111,
        3.011111111111111,
        3.5666666666666664,
        3.5666666666666664,
        3.5666666666666664,
        3.5666666666666664,
        3.5666666666666664,
        3.5666666666666664,
        3.5666666666666664,
        3.5666666666666664,
        3.5666666666666664,
        3.5666666666666664,
        4.122222222222222,
        4.122222222222222,
        4.122222222222222,
        4.122222222222222,
        4.122222222222222,
        4.122222222222222,
        4.122222222222222,
        4.122222222222222,
        4.122222222222222,
        4.122222222222222,
        4.677777777777777,
        4.677777777777777,
        4.677777777777777,
        4.677777777777777,
        4.677777777777777,
        4.677777777777777,
        4.677777777777777,
        4.677777777777777,
        4.677777777777777,
        4.677777777777777,
        5.233333333333333,
        5.233333333333333,
        5.233333333333333,
        5.233333333333333,
        5.233333333333333,
        5.233333333333333,
        5.233333333333333,
        5.233333333333333,
        5.233333333333333,
        5.233333333333333,
        5.78888888888889,
        5.78888888888889,
        5.78888888888889,
        5.78888888888889,
        5.78888888888889,
        5.78888888888889,
        5.78888888888889,
        5.78888888888889,
        5.78888888888889,
        5.78888888888889,
        6.344444444444445,
        6.344444444444445,
        6.344444444444445,
        6.344444444444445,
        6.344444444444445,
        6.344444444444445,
        6.344444444444445,
        6.344444444444445,
        6.344444444444445,
        6.344444444444445,
        6.9,
        6.9,
        6.9,
        6.9,
        6.9,
        6.9,
        6.9,
        6.9,
        6.9,
        6.9
    ],
    "beam_angle": [
        0.0,
        20.0,
        40.0,
        60.0,
        80.0,
        100.0,
        120.0,
        140.0,
        160.0,
        180.0,
        0.0,
        20.0,
        40.0,
        60.0,
        80.0,
        100.0,
        120.0,
        140.0,
        160.0,
        180.0,
        0.0,
        20.0,
        40.0,
        60.0,
        80.0,
        100.0,
        120.0,
        140.0,
        160.0,
        180.0,
        0.0,
        20.0,
        40.0,
        60.0,
        80.0,
        100.0,
        120.0,
        140.0,
        160.0,
        180.0,
        0.0,
        20.0,
        40.0,
        60.0,
        80.0,
        100.0,
        120.0,
        140.0,
        160.0,
        180.0,
        0.0,
        20.0,
        40.0,
        60.0,
        80.0,
        100.0,
        120.0,
        140.0,
        160.0,
        180.0,
        0.0,
        20.0,
        40.0,
        60.0,
        80.0,
        100.0,
        120.0,
        140.0,
        160.0,
        180.0,
        0.0,
        20.0,
        40.0,
        60.0,
        80.0,
        100.0,
        120.0,
        140.0,
        160.0,
        180.0,
        0.0,
        20.0,
        40.0,
        60.0,
        80.0,
        100.0,
        120.0,
        140.0,
        160.0,
        180.0,
        0.0,
        20.0,
        40.0,
        60.0,
        80.0,
        100.0,
        120.0,
        140.0,
        160.0,
        180.0
    ],
    "end_disp": [
        3.2299214710791864,
        15.269469473368439,
        28.73704381628381,
        41.069737340498556,
        51.41996744304733,
        58.71974080066207,
        61.212647423365794,
        55.35114283341493,
        34.967235325578976,
        2.9601212698725496,
        2.459539867871444,
        12.606464303406298,
        23.711048301580377,
        33.63117758763318,
        41.52189081648476,
        46.31251190829334,
        46.412766995556716,
        39.457607302136395,
        23.227608719209528,
        2.3271630841542907,
        1.9802499167804781,
        10.740293618381589,
        20.170686283984928,
        28.42073655981673,
        34.69072437860488,
        38.008088195417464,
        37.096329268019396,
        30.466180761925038,
        17.3700872377093,
        1.9226324352029263,
        1.6523709808210778,
        9.357424978080186,
        17.545017808170915,
        24.58467223091305,
        29.736522771482097,
        32.145288952714445,
        30.805853720920688,
        24.76447443995143,
        13.866903162696588,
        1.6426384806955983,
        1.413261049211828,
        8.290812631852374,
        15.521593978018872,
        21.649707026168347,
        25.996164524964964,
        27.813935391230878,
        26.30554501013873,
        20.84418072404453,
        11.538419809254549,
        1.4379953190621872,
        1.230645027239143,
        7.442755231586286,
        13.915269928875386,
        19.334981962095448,
        23.079532395549545,
        24.494521536056524,
        22.9377186751328,
        17.988923496898924,
        9.879501909705683,
        1.2824054277381982,
        1.0862039423874037,
        6.752149781769666,
        12.60951171743978,
        17.46429507043329,
        20.744948624529606,
        21.874461283439505,
        20.327291800822344,
        15.818834538950387,
        8.638052203356834,
        1.1605339789467264,
        0.9687680224273002,
        6.178774796218968,
        11.5273836765619,
        15.921913323559052,
        18.8357402782859,
        19.756203007773653,
        18.24671935059449,
        14.114724771063893,
        7.674311237695581,
        1.062835684051018,
        0.8711395655085895,
        5.695054793716643,
        10.616082990882319,
        14.628859495985413,
        17.2463059186441,
        18.009441574679755,
        16.550619795410434,
        12.741569608214403,
        6.904596634390947,
        0.9830582974777503,
        0.7884718176891259,
        5.281445328854377,
        9.838184310425332,
        13.529476593739231,
        15.903058922587618,
        16.545026579511813,
        15.142020817989275,
        11.611770171613243,
        6.275758814023424,
        0.9169353276208896
    ],