{
    "end_disp": [
        97.14687743324775,
        56.00770294025861,
        55.771955178724454,
        55.66835274692444,
        55.60758353329277,
        55.56679540430001,
        55.537173514210444,
        55.525147045579935,
        55.56679540430001
    ],
    "volume": [
        [
            143999.99999999578,
            4.335174380850195e-13
        ],
        [
            143999.99999999578,
            143455.62934697236
        ],
        [
            143999.99999999578,
            143727.9159286087
        ],
        [
            143999.99999999578,
            143818.62965471562
        ],
        [
            143999.99999999578,
            143863.97827619055
        ],
        [
            143999.99999999578,
            143891.1850609824
        ],
        [
            143999.99999999578,
            143909.3220223329
        ],
        [
            143999.99999999578,
            143916.29760393623
        ],
        [
            143999.99999999578,
            143891.1850609824
        ]
    ],
    "kappa": [
        0,
        500,
        1000,
        1500,
        2000,
        2500,
        3000,
        3250,
        2500
    ],
    "fixed_params": {
        "C_1": 1.9,
        "NW": 6,
        "beam_angle": 90,
        "density": 0.00102,
        "g": 9.81,
        "width": 40,
        "length": 90,
        "elem_order": 2,
        "num_load_steps": 30,
        "rtol": 1e-09,
        "atol": 1e-09,
        "max_iter": 50,
        "elem_size": 6.666666666666667,
        "NL": 14
    }
}